episode,timestep,reward,if_collision,collision_rate,adversarial_counts,epsilon,av_speed_avg,av_total_risk_avg,av_distance,av_running_time,av_acc_avg,av_dece_avg,av_left_avg,av_right_avg
0,3000,-8788.8929,0,0,0,0,1.576731043843056,0.23534662765275974,472.99183839368607,360.1,3.0,nan,0.09766666666666667,0.09333333333333334
1,6000,-8651.7418,0,0,0,0,1.8557418981481268,0.4629386206738646,556.6137407799743,360.1,3.0,nan,0.09233333333333334,0.08166666666666667
2,9000,-8857.3721,0,0,0,0,1.308158346700587,0.3695163386347487,392.27321532069294,360.1,3.0,nan,0.08533333333333333,0.09233333333333334
